asset,conditionId,timestamp,timestamp_utc,price,source
46616886959636662099130315183116075653356739987590935814106380696156878536955,0xc3144f91577a5635e25b4c85a9a4421f08fefdb91e79a19ef8d2dec729d98ddc,1777348815,2026-04-28T04:00:15+00:00,0.465,clob_prices_history
46616886959636662099130315183116075653356739987590935814106380696156878536955,0xc3144f91577a5635e25b4c85a9a4421f08fefdb91e79a19ef8d2dec729d98ddc,1777352407,2026-04-28T05:00:07+00:00,0.48,clob_prices_history
46616886959636662099130315183116075653356739987590935814106380696156878536955,0xc3144f91577a5635e25b4c85a9a4421f08fefdb91e79a19ef8d2dec729d98ddc,1777356009,2026-04-28T06:00:09+00:00,0.48,clob_prices_history
46616886959636662099130315183116075653356739987590935814106380696156878536955,0xc3144f91577a5635e25b4c85a9a4421f08fefdb91e79a19ef8d2dec729d98ddc,1777359626,2026-04-28T07:00:26+00:00,0.475,clob_prices_history
46616886959636662099130315183116075653356739987590935814106380696156878536955,0xc3144f91577a5635e25b4c85a9a4421f08fefdb91e79a19ef8d2dec729d98ddc,1777363207,2026-04-28T08:00:07+00:00,0.455,clob_prices_history
46616886959636662099130315183116075653356739987590935814106380696156878536955,0xc3144f91577a5635e25b4c85a9a4421f08fefdb91e79a19ef8d2dec729d98ddc,1777366817,2026-04-28T09:00:17+00:00,0.445,clob_prices_history
46616886959636662099130315183116075653356739987590935814106380696156878536955,0xc3144f91577a5635e25b4c85a9a4421f08fefdb91e79a19ef8d2dec729d98ddc,1777370406,2026-04-28T10:00:06+00:00,0.44,clob_prices_history
46616886959636662099130315183116075653356739987590935814106380696156878536955,0xc3144f91577a5635e25b4c85a9a4421f08fefdb91e79a19ef8d2dec729d98ddc,1777374005,2026-04-28T11:00:05+00:00,0.45,clob_prices_history
46616886959636662099130315183116075653356739987590935814106380696156878536955,0xc3144f91577a5635e25b4c85a9a4421f08fefdb91e79a19ef8d2dec729d98ddc,1777377614,2026-04-28T12:00:14+00:00,0.45,clob_prices_history
46616886959636662099130315183116075653356739987590935814106380696156878536955,0xc3144f91577a5635e25b4c85a9a4421f08fefdb91e79a19ef8d2dec729d98ddc,1777381207,2026-04-28T13:00:07+00:00,0.465,clob_prices_history
46616886959636662099130315183116075653356739987590935814106380696156878536955,0xc3144f91577a5635e25b4c85a9a4421f08fefdb91e79a19ef8d2dec729d98ddc,1777384807,2026-04-28T14:00:07+00:00,0.455,clob_prices_history
46616886959636662099130315183116075653356739987590935814106380696156878536955,0xc3144f91577a5635e25b4c85a9a4421f08fefdb91e79a19ef8d2dec729d98ddc,1777388412,2026-04-28T15:00:12+00:00,0.4,clob_prices_history
46616886959636662099130315183116075653356739987590935814106380696156878536955,0xc3144f91577a5635e25b4c85a9a4421f08fefdb91e79a19ef8d2dec729d98ddc,1777392006,2026-04-28T16:00:06+00:00,0.405,clob_prices_history
46616886959636662099130315183116075653356739987590935814106380696156878536955,0xc3144f91577a5635e25b4c85a9a4421f08fefdb91e79a19ef8d2dec729d98ddc,1777395607,2026-04-28T17:00:07+00:00,0.385,clob_prices_history
46616886959636662099130315183116075653356739987590935814106380696156878536955,0xc3144f91577a5635e25b4c85a9a4421f08fefdb91e79a19ef8d2dec729d98ddc,1777399212,2026-04-28T18:00:12+00:00,0.765,clob_prices_history
46616886959636662099130315183116075653356739987590935814106380696156878536955,0xc3144f91577a5635e25b4c85a9a4421f08fefdb91e79a19ef8d2dec729d98ddc,1777402808,2026-04-28T19:00:08+00:00,0.705,clob_prices_history
46616886959636662099130315183116075653356739987590935814106380696156878536955,0xc3144f91577a5635e25b4c85a9a4421f08fefdb91e79a19ef8d2dec729d98ddc,1777406421,2026-04-28T20:00:21+00:00,0.9995,clob_prices_history
46616886959636662099130315183116075653356739987590935814106380696156878536955,0xc3144f91577a5635e25b4c85a9a4421f08fefdb91e79a19ef8d2dec729d98ddc,1777410015,2026-04-28T21:00:15+00:00,0.9995,clob_prices_history
46616886959636662099130315183116075653356739987590935814106380696156878536955,0xc3144f91577a5635e25b4c85a9a4421f08fefdb91e79a19ef8d2dec729d98ddc,1777413621,2026-04-28T22:00:21+00:00,0.9995,clob_prices_history
46616886959636662099130315183116075653356739987590935814106380696156878536955,0xc3144f91577a5635e25b4c85a9a4421f08fefdb91e79a19ef8d2dec729d98ddc,1777417217,2026-04-28T23:00:17+00:00,0.9975,clob_prices_history
46616886959636662099130315183116075653356739987590935814106380696156878536955,0xc3144f91577a5635e25b4c85a9a4421f08fefdb91e79a19ef8d2dec729d98ddc,1777420811,2026-04-29T00:00:11+00:00,0.9975,clob_prices_history
46616886959636662099130315183116075653356739987590935814106380696156878536955,0xc3144f91577a5635e25b4c85a9a4421f08fefdb91e79a19ef8d2dec729d98ddc,1777424406,2026-04-29T01:00:06+00:00,0.9975,clob_prices_history
46616886959636662099130315183116075653356739987590935814106380696156878536955,0xc3144f91577a5635e25b4c85a9a4421f08fefdb91e79a19ef8d2dec729d98ddc,1777428007,2026-04-29T02:00:07+00:00,0.9955,clob_prices_history
46616886959636662099130315183116075653356739987590935814106380696156878536955,0xc3144f91577a5635e25b4c85a9a4421f08fefdb91e79a19ef8d2dec729d98ddc,1777431609,2026-04-29T03:00:09+00:00,0.995,clob_prices_history
46616886959636662099130315183116075653356739987590935814106380696156878536955,0xc3144f91577a5635e25b4c85a9a4421f08fefdb91e79a19ef8d2dec729d98ddc,1777435206,2026-04-29T04:00:06+00:00,0.9955,clob_prices_history
46616886959636662099130315183116075653356739987590935814106380696156878536955,0xc3144f91577a5635e25b4c85a9a4421f08fefdb91e79a19ef8d2dec729d98ddc,1777438808,2026-04-29T05:00:08+00:00,0.9965,clob_prices_history
46616886959636662099130315183116075653356739987590935814106380696156878536955,0xc3144f91577a5635e25b4c85a9a4421f08fefdb91e79a19ef8d2dec729d98ddc,1777442410,2026-04-29T06:00:10+00:00,0.9995,clob_prices_history
46616886959636662099130315183116075653356739987590935814106380696156878536955,0xc3144f91577a5635e25b4c85a9a4421f08fefdb91e79a19ef8d2dec729d98ddc,1777446024,2026-04-29T07:00:24+00:00,0.9995,clob_prices_history
46616886959636662099130315183116075653356739987590935814106380696156878536955,0xc3144f91577a5635e25b4c85a9a4421f08fefdb91e79a19ef8d2dec729d98ddc,1777449605,2026-04-29T08:00:05+00:00,0.9995,clob_prices_history
